Year,Sector,CO2,CH4,N2O,HFCs
2010,Biological Treatment of Solid Waste,NA,35,32,NA
2015,Biological Treatment of Solid Waste,NA,70.936,40.282,NA
2020,Biological Treatment of Solid Waste,NA,391.664,222.335,NA
2021,Biological Treatment of Solid Waste,NA,379.86506666666537,212.40666666666948,NA
2022,Biological Treatment of Solid Waste,NA,415.53146666666726,231.4401666666672,NA
2023,Biological Treatment of Solid Waste,NA,451.19786666666914,250.47366666667222,NA
2024,Biological Treatment of Solid Waste,NA,486.86426666667103,269.50716666666995,NA
2025,Biological Treatment of Solid Waste,NA,522.5306666666875,288.54066666667495,NA
2026,Biological Treatment of Solid Waste,NA,558.1970666666894,307.5741666666727,NA
2027,Biological Treatment of Solid Waste,NA,593.8634666666912,326.6076666666777,NA
2028,Biological Treatment of Solid Waste,NA,629.5298666666931,345.6411666666827,NA
2029,Biological Treatment of Solid Waste,NA,665.196266666695,364.6746666666804,NA
2030,Biological Treatment of Solid Waste,NA,700.8626666666969,383.70816666668543,NA
2031,Biological Treatment of Solid Waste,NA,736.5290666666988,402.74166666668316,NA
2032,Biological Treatment of Solid Waste,NA,772.1954666667007,421.77516666668816,NA
2033,Biological Treatment of Solid Waste,NA,807.8618666667026,440.8086666666859,NA
2034,Biological Treatment of Solid Waste,NA,843.528266666719,459.8421666666909,NA
2035,Biological Treatment of Solid Waste,NA,879.1946666667209,478.8756666666959,NA
2036,Biological Treatment of Solid Waste,NA,914.8610666667228,497.90916666669364,NA
2037,Biological Treatment of Solid Waste,NA,950.5274666667246,516.9426666666986,NA
2038,Biological Treatment of Solid Waste,NA,986.1938666667265,535.9761666666964,NA
2039,Biological Treatment of Solid Waste,NA,1021.8602666667284,555.0096666667014,NA
2040,Biological Treatment of Solid Waste,NA,1057.5266666667303,574.0431666666991,NA
2041,Biological Treatment of Solid Waste,NA,1093.1930666667322,593.0766666667041,NA
2042,Biological Treatment of Solid Waste,NA,1128.859466666734,612.1101666667091,NA
2043,Biological Treatment of Solid Waste,NA,1164.525866666736,631.1436666667068,NA
2044,Biological Treatment of Solid Waste,NA,1200.1922666667524,650.1771666667119,NA
2045,Biological Treatment of Solid Waste,NA,1235.8586666667543,669.2106666667096,NA
2046,Biological Treatment of Solid Waste,NA,1271.5250666667562,688.2441666667146,NA
2047,Biological Treatment of Solid Waste,NA,1307.191466666758,707.2776666667123,NA
2048,Biological Treatment of Solid Waste,NA,1342.85786666676,726.3111666667173,NA
2049,Biological Treatment of Solid Waste,NA,1378.5242666667618,745.3446666667223,NA
2050,Biological Treatment of Solid Waste,NA,1414.1906666667637,764.3781666667201,NA
2010,Biomass Burning - Forests,NA,7,2,NA
2015,Biomass Burning - Forests,937.278,NA,NA,NA
2020,Biomass Burning - Forests,744.594,NA,NA,NA
2021,Biomass Burning - Forests,744.594,7,2,NA
2022,Biomass Burning - Forests,744.594,7,2,NA
2023,Biomass Burning - Forests,744.594,7,2,NA
2024,Biomass Burning - Forests,744.594,7,2,NA
2025,Biomass Burning - Forests,744.594,7,2,NA
2026,Biomass Burning - Forests,744.594,7,2,NA
2027,Biomass Burning - Forests,744.594,7,2,NA
2028,Biomass Burning - Forests,744.594,7,2,NA
2029,Biomass Burning - Forests,744.594,7,2,NA
2030,Biomass Burning - Forests,744.594,7,2,NA
2031,Biomass Burning - Forests,744.594,7,2,NA
2032,Biomass Burning - Forests,744.594,7,2,NA
2033,Biomass Burning - Forests,744.594,7,2,NA
2034,Biomass Burning - Forests,744.594,7,2,NA
2035,Biomass Burning - Forests,744.594,7,2,NA
2036,Biomass Burning - Forests,744.594,7,2,NA
2037,Biomass Burning - Forests,744.594,7,2,NA
2038,Biomass Burning - Forests,744.594,7,2,NA
2039,Biomass Burning - Forests,744.594,7,2,NA
2040,Biomass Burning - Forests,744.594,7,2,NA
2041,Biomass Burning - Forests,744.594,7,2,NA
2042,Biomass Burning - Forests,744.594,7,2,NA
2043,Biomass Burning - Forests,744.594,7,2,NA
2044,Biomass Burning - Forests,744.594,7,2,NA
2045,Biomass Burning - Forests,744.594,7,2,NA
2046,Biomass Burning - Forests,744.594,7,2,NA
2047,Biomass Burning - Forests,744.594,7,2,NA
2048,Biomass Burning - Forests,744.594,7,2,NA
2049,Biomass Burning - Forests,744.594,7,2,NA
2050,Biomass Burning - Forests,744.594,7,2,NA
2010,Biomass Burning in Croplands and Grasslands,NA,286,96,NA
2015,Biomass Burning in Croplands and Grasslands,NA,354.783,97.216,NA
2020,Biomass Burning in Croplands and Grasslands,NA,370.367,101.662,NA
2021,Biomass Burning in Croplands and Grasslands,NA,387.67019999999684,101.6898666666666,NA
2022,Biomass Burning in Croplands and Grasslands,NA,396.10689999999886,102.25606666666681,NA
2023,Biomass Burning in Croplands and Grasslands,NA,404.54359999999724,102.82226666666679,NA
2024,Biomass Burning in Croplands and Grasslands,NA,412.98029999999926,103.38846666666677,NA
2025,Biomass Burning in Croplands and Grasslands,NA,421.4170000000013,103.95466666666675,NA
2026,Biomass Burning in Croplands and Grasslands,NA,429.85369999999966,104.52086666666696,NA
2027,Biomass Burning in Croplands and Grasslands,NA,438.2904000000017,105.08706666666694,NA
2028,Biomass Burning in Croplands and Grasslands,NA,446.72710000000006,105.65326666666692,NA
2029,Biomass Burning in Croplands and Grasslands,NA,455.1638000000021,106.21946666666713,NA
2030,Biomass Burning in Croplands and Grasslands,NA,463.6005000000041,106.78566666666711,NA
2031,Biomass Burning in Croplands and Grasslands,NA,472.0372000000025,107.35186666666709,NA
2032,Biomass Burning in Croplands and Grasslands,NA,480.4739000000045,107.91806666666707,NA
2033,Biomass Burning in Croplands and Grasslands,NA,488.9106000000029,108.48426666666728,NA
2034,Biomass Burning in Croplands and Grasslands,NA,497.3473000000049,109.05046666666726,NA
2035,Biomass Burning in Croplands and Grasslands,NA,505.7840000000033,109.61666666666724,NA
2036,Biomass Burning in Croplands and Grasslands,NA,514.2207000000053,110.18286666666745,NA
2037,Biomass Burning in Croplands and Grasslands,NA,522.6574000000073,110.74906666666743,NA
2038,Biomass Burning in Croplands and Grasslands,NA,531.0941000000057,111.31526666666741,NA
2039,Biomass Burning in Croplands and Grasslands,NA,539.5308000000077,111.8814666666674,NA
2040,Biomass Burning in Croplands and Grasslands,NA,547.9675000000061,112.4476666666676,NA
2041,Biomass Burning in Croplands and Grasslands,NA,556.4042000000081,113.01386666666758,NA
2042,Biomass Burning in Croplands and Grasslands,NA,564.8409000000102,113.58006666666756,NA
2043,Biomass Burning in Croplands and Grasslands,NA,573.2776000000085,114.14626666666777,NA
2044,Biomass Burning in Croplands and Grasslands,NA,581.7143000000106,114.71246666666775,NA
2045,Biomass Burning in Croplands and Grasslands,NA,590.1510000000089,115.27866666666773,NA
2046,Biomass Burning in Croplands and Grasslands,NA,598.587700000011,115.84486666666771,NA
2047,Biomass Burning in Croplands and Grasslands,NA,607.0244000000093,116.41106666666792,NA
2048,Biomass Burning in Croplands and Grasslands,NA,615.4611000000114,116.9772666666679,NA
2049,Biomass Burning in Croplands and Grasslands,NA,623.8978000000134,117.54346666666788,NA
2050,Biomass Burning in Croplands and Grasslands,NA,632.3345000000118,118.10966666666809,NA
2010,Biomass Carbon Stock,11084,NA,NA,NA
2015,Biomass Carbon Stock,31208.001,NA,NA,NA
2020,Biomass Carbon Stock,11247.006,NA,NA,NA
2021,Biomass Carbon Stock,17944.139266666054,NA,NA,NA
2022,Biomass Carbon Stock,17960.439866665954,NA,NA,NA
2023,Biomass Carbon Stock,17976.740466665855,NA,NA,NA
2024,Biomass Carbon Stock,17993.041066665755,NA,NA,NA
2025,Biomass Carbon Stock,18009.341666665656,NA,NA,NA
2026,Biomass Carbon Stock,18025.642266665556,NA,NA,NA
2027,Biomass Carbon Stock,18041.942866665457,NA,NA,NA
2028,Biomass Carbon Stock,18058.243466665357,NA,NA,NA
2029,Biomass Carbon Stock,18074.544066665258,NA,NA,NA
2030,Biomass Carbon Stock,18090.844666665158,NA,NA,NA
2031,Biomass Carbon Stock,18107.14526666506,NA,NA,NA
2032,Biomass Carbon Stock,18123.44586666496,NA,NA,NA
2033,Biomass Carbon Stock,18139.74646666486,NA,NA,NA
2034,Biomass Carbon Stock,18156.04706666476,NA,NA,NA
2035,Biomass Carbon Stock,18172.34766666466,NA,NA,NA
2036,Biomass Carbon Stock,18188.64826666456,NA,NA,NA
2037,Biomass Carbon Stock,18204.94886666446,NA,NA,NA
2038,Biomass Carbon Stock,18221.24946666436,NA,NA,NA
2039,Biomass Carbon Stock,18237.550066664255,NA,NA,NA
2040,Biomass Carbon Stock,18253.850666664155,NA,NA,NA
2041,Biomass Carbon Stock,18270.151266664056,NA,NA,NA
2042,Biomass Carbon Stock,18286.451866663956,NA,NA,NA
2043,Biomass Carbon Stock,18302.752466663856,NA,NA,NA
2044,Biomass Carbon Stock,18319.053066663757,NA,NA,NA
2045,Biomass Carbon Stock,18335.353666663657,NA,NA,NA
2046,Biomass Carbon Stock,18351.654266663558,NA,NA,NA
2047,Biomass Carbon Stock,18367.95486666346,NA,NA,NA
2048,Biomass Carbon Stock,18384.25546666336,NA,NA,NA
2049,Biomass Carbon Stock,18400.55606666326,NA,NA,NA
2050,Biomass Carbon Stock,18416.85666666316,NA,NA,NA
2010,Biomass Carbon Stock Agroforestry/Perennial Crop,-12973,NA,NA,NA
2015,Biomass Carbon Stock Agroforestry/Perennial Crop,2177.695,NA,NA,NA
2020,Biomass Carbon Stock Agroforestry/Perennial Crop,2125.769,NA,NA,NA
2021,Biomass Carbon Stock Agroforestry/Perennial Crop,6169.416066666599,NA,NA,NA
2022,Biomass Carbon Stock Agroforestry/Perennial Crop,7679.292966667097,NA,NA,NA
2023,Biomass Carbon Stock Agroforestry/Perennial Crop,9189.16986666713,NA,NA,NA
2024,Biomass Carbon Stock Agroforestry/Perennial Crop,10699.046766667161,NA,NA,NA
2025,Biomass Carbon Stock Agroforestry/Perennial Crop,12208.923666667193,NA,NA,NA
2026,Biomass Carbon Stock Agroforestry/Perennial Crop,13718.800566667225,NA,NA,NA
2027,Biomass Carbon Stock Agroforestry/Perennial Crop,15228.677466667257,NA,NA,NA
2028,Biomass Carbon Stock Agroforestry/Perennial Crop,16738.55436666729,NA,NA,NA
2029,Biomass Carbon Stock Agroforestry/Perennial Crop,18248.43126666732,NA,NA,NA
2030,Biomass Carbon Stock Agroforestry/Perennial Crop,19758.308166667353,NA,NA,NA
2031,Biomass Carbon Stock Agroforestry/Perennial Crop,21268.185066667385,NA,NA,NA
2032,Biomass Carbon Stock Agroforestry/Perennial Crop,22778.061966667883,NA,NA,NA
2033,Biomass Carbon Stock Agroforestry/Perennial Crop,24287.938866667915,NA,NA,NA
2034,Biomass Carbon Stock Agroforestry/Perennial Crop,25797.815766667947,NA,NA,NA
2035,Biomass Carbon Stock Agroforestry/Perennial Crop,27307.69266666798,NA,NA,NA
2036,Biomass Carbon Stock Agroforestry/Perennial Crop,28817.56956666801,NA,NA,NA
2037,Biomass Carbon Stock Agroforestry/Perennial Crop,30327.446466668043,NA,NA,NA
2038,Biomass Carbon Stock Agroforestry/Perennial Crop,31837.323366668075,NA,NA,NA
2039,Biomass Carbon Stock Agroforestry/Perennial Crop,33347.20026666811,NA,NA,NA
2040,Biomass Carbon Stock Agroforestry/Perennial Crop,34857.07716666814,NA,NA,NA
2041,Biomass Carbon Stock Agroforestry/Perennial Crop,36366.95406666817,NA,NA,NA
2042,Biomass Carbon Stock Agroforestry/Perennial Crop,37876.8309666682,NA,NA,NA
2043,Biomass Carbon Stock Agroforestry/Perennial Crop,39386.7078666687,NA,NA,NA
2044,Biomass Carbon Stock Agroforestry/Perennial Crop,40896.58476666873,NA,NA,NA
2045,Biomass Carbon Stock Agroforestry/Perennial Crop,42406.461666668765,NA,NA,NA
2046,Biomass Carbon Stock Agroforestry/Perennial Crop,43916.3385666688,NA,NA,NA
2047,Biomass Carbon Stock Agroforestry/Perennial Crop,45426.21546666883,NA,NA,NA
2048,Biomass Carbon Stock Agroforestry/Perennial Crop,46936.09236666886,NA,NA,NA
2049,Biomass Carbon Stock Agroforestry/Perennial Crop,48445.96926666889,NA,NA,NA
2050,Biomass Carbon Stock Agroforestry/Perennial Crop,49955.846166668925,NA,NA,NA
2010,Biomass Carbon Stock Deforestation,16125,NA,NA,NA
2015,Biomass Carbon Stock Deforestation,66644.506,NA,NA,NA
2020,Biomass Carbon Stock Deforestation,31302.244,NA,NA,NA
2021,Biomass Carbon Stock Deforestation,47130.26306666527,NA,NA,NA
2022,Biomass Carbon Stock Deforestation,48647.987466664985,NA,NA,NA
2023,Biomass Carbon Stock Deforestation,50165.7118666647,NA,NA,NA
2024,Biomass Carbon Stock Deforestation,51683.43626666488,NA,NA,NA
2025,Biomass Carbon Stock Deforestation,53201.1606666646,NA,NA,NA
2026,Biomass Carbon Stock Deforestation,54718.88506666431,NA,NA,NA
2027,Biomass Carbon Stock Deforestation,56236.60946666449,NA,NA,NA
2028,Biomass Carbon Stock Deforestation,57754.33386666421,NA,NA,NA
2029,Biomass Carbon Stock Deforestation,59272.05826666439,NA,NA,NA
2030,Biomass Carbon Stock Deforestation,60789.782666664105,NA,NA,NA
2031,Biomass Carbon Stock Deforestation,62307.50706666382,NA,NA,NA
2032,Biomass Carbon Stock Deforestation,63825.231466664,NA,NA,NA
2033,Biomass Carbon Stock Deforestation,65342.95586666372,NA,NA,NA
2034,Biomass Carbon Stock Deforestation,66860.6802666639,NA,NA,NA
2035,Biomass Carbon Stock Deforestation,68378.40466666361,NA,NA,NA
2036,Biomass Carbon Stock Deforestation,69896.12906666333,NA,NA,NA
2037,Biomass Carbon Stock Deforestation,71413.85346666351,NA,NA,NA
2038,Biomass Carbon Stock Deforestation,72931.577866663225,NA,NA,NA
2039,Biomass Carbon Stock Deforestation,74449.3022666634,NA,NA,NA
2040,Biomass Carbon Stock Deforestation,75967.02666666312,NA,NA,NA
2041,Biomass Carbon Stock Deforestation,77484.75106666284,NA,NA,NA
2042,Biomass Carbon Stock Deforestation,79002.47546666302,NA,NA,NA
2043,Biomass Carbon Stock Deforestation,80520.19986666273,NA,NA,NA
2044,Biomass Carbon Stock Deforestation,82037.92426666245,NA,NA,NA
2045,Biomass Carbon Stock Deforestation,83555.64866666263,NA,NA,NA
2046,Biomass Carbon Stock Deforestation,85073.37306666235,NA,NA,NA
2047,Biomass Carbon Stock Deforestation,86591.09746666253,NA,NA,NA
2048,Biomass Carbon Stock Deforestation,88108.82186666224,NA,NA,NA
2049,Biomass Carbon Stock Deforestation,89626.54626666196,NA,NA,NA
2050,Biomass Carbon Stock Deforestation,91144.27066666214,NA,NA,NA
2010,Biomass Carbon Stock Silvopasture,-51252,NA,NA,NA
2015,Biomass Carbon Stock Silvopasture,-65299.167,NA,NA,NA
2020,Biomass Carbon Stock Silvopasture,-71354.677,NA,NA,NA
2021,Biomass Carbon Stock Silvopasture,-74696.88753333315,NA,NA,NA
2022,Biomass Carbon Stock Silvopasture,-76707.15523333335,NA,NA,NA
2023,Biomass Carbon Stock Silvopasture,-78717.42293333355,NA,NA,NA
2024,Biomass Carbon Stock Silvopasture,-80727.69063333375,NA,NA,NA
2025,Biomass Carbon Stock Silvopasture,-82737.95833333349,NA,NA,NA
2026,Biomass Carbon Stock Silvopasture,-84748.22603333369,NA,NA,NA
2027,Biomass Carbon Stock Silvopasture,-86758.49373333389,NA,NA,NA
2028,Biomass Carbon Stock Silvopasture,-88768.76143333409,NA,NA,NA
2029,Biomass Carbon Stock Silvopasture,-90779.02913333429,NA,NA,NA
2030,Biomass Carbon Stock Silvopasture,-92789.29683333449,NA,NA,NA
2031,Biomass Carbon Stock Silvopasture,-94799.56453333469,NA,NA,NA
2032,Biomass Carbon Stock Silvopasture,-96809.83223333443,NA,NA,NA
2033,Biomass Carbon Stock Silvopasture,-98820.09993333463,NA,NA,NA
2034,Biomass Carbon Stock Silvopasture,-100830.36763333483,NA,NA,NA
2035,Biomass Carbon Stock Silvopasture,-102840.63533333503,NA,NA,NA
2036,Biomass Carbon Stock Silvopasture,-104850.90303333523,NA,NA,NA
2037,Biomass Carbon Stock Silvopasture,-106861.17073333543,NA,NA,NA
2038,Biomass Carbon Stock Silvopasture,-108871.43843333563,NA,NA,NA
2039,Biomass Carbon Stock Silvopasture,-110881.70613333536,NA,NA,NA
2040,Biomass Carbon Stock Silvopasture,-112891.97383333556,NA,NA,NA
2041,Biomass Carbon Stock Silvopasture,-114902.24153333576,NA,NA,NA
2042,Biomass Carbon Stock Silvopasture,-116912.50923333596,NA,NA,NA
2043,Biomass Carbon Stock Silvopasture,-118922.77693333616,NA,NA,NA
2044,Biomass Carbon Stock Silvopasture,-120933.04463333637,NA,NA,NA
2045,Biomass Carbon Stock Silvopasture,-122943.3123333361,NA,NA,NA
2046,Biomass Carbon Stock Silvopasture,-124953.5800333363,NA,NA,NA
2047,Biomass Carbon Stock Silvopasture,-126963.8477333365,NA,NA,NA
2048,Biomass Carbon Stock Silvopasture,-128974.1154333367,NA,NA,NA
2049,Biomass Carbon Stock Silvopasture,-130984.3831333369,NA,NA,NA
2050,Biomass Carbon Stock Silvopasture,-132994.6508333371,NA,NA,NA
2010,Chemical Industry,NA,NA,19,NA
2015,Chemical Industry,596.226,22.269,NA,NA
2020,Chemical Industry,559.974,20.915,NA,NA
2021,Chemical Industry,559.974,20.915,19,NA
2022,Chemical Industry,559.974,20.915,19,NA
2023,Chemical Industry,559.974,20.915,19,NA
2024,Chemical Industry,559.974,20.915,19,NA
2025,Chemical Industry,559.974,20.915,19,NA
2026,Chemical Industry,559.974,20.915,19,NA
2027,Chemical Industry,559.974,20.915,19,NA
2028,Chemical Industry,559.974,20.915,19,NA
2029,Chemical Industry,559.974,20.915,19,NA
2030,Chemical Industry,559.974,20.915,19,NA
2031,Chemical Industry,559.974,20.915,19,NA
2032,Chemical Industry,559.974,20.915,19,NA
2033,Chemical Industry,559.974,20.915,19,NA
2034,Chemical Industry,559.974,20.915,19,NA
2035,Chemical Industry,559.974,20.915,19,NA
2036,Chemical Industry,559.974,20.915,19,NA
2037,Chemical Industry,559.974,20.915,19,NA
2038,Chemical Industry,559.974,20.915,19,NA
2039,Chemical Industry,559.974,20.915,19,NA
2040,Chemical Industry,559.974,20.915,19,NA
2041,Chemical Industry,559.974,20.915,19,NA
2042,Chemical Industry,559.974,20.915,19,NA
2043,Chemical Industry,559.974,20.915,19,NA
2044,Chemical Industry,559.974,20.915,19,NA
2045,Chemical Industry,559.974,20.915,19,NA
2046,Chemical Industry,559.974,20.915,19,NA
2047,Chemical Industry,559.974,20.915,19,NA
2048,Chemical Industry,559.974,20.915,19,NA
2049,Chemical Industry,559.974,20.915,19,NA
2050,Chemical Industry,559.974,20.915,19,NA
2010,Direct N2O Emissions from Managed Soils,NA,NA,5694,NA
2015,Direct N2O Emissions from Managed Soils,NA,NA,6418.687,NA
2020,Direct N2O Emissions from Managed Soils,NA,NA,6875.216,NA
2021,Direct N2O Emissions from Managed Soils,NA,NA,7038.030599999969,NA
2022,Direct N2O Emissions from Managed Soils,NA,NA,7156.152199999953,NA
2023,Direct N2O Emissions from Managed Soils,NA,NA,7274.273799999966,NA
2024,Direct N2O Emissions from Managed Soils,NA,NA,7392.395399999979,NA
2025,Direct N2O Emissions from Managed Soils,NA,NA,7510.516999999993,NA
2026,Direct N2O Emissions from Managed Soils,NA,NA,7628.638600000006,NA
2027,Direct N2O Emissions from Managed Soils,NA,NA,7746.760200000019,NA
2028,Direct N2O Emissions from Managed Soils,NA,NA,7864.881800000003,NA
2029,Direct N2O Emissions from Managed Soils,NA,NA,7983.003400000016,NA
2030,Direct N2O Emissions from Managed Soils,NA,NA,8101.125000000029,NA
2031,Direct N2O Emissions from Managed Soils,NA,NA,8219.246600000042,NA
2032,Direct N2O Emissions from Managed Soils,NA,NA,8337.368200000055,NA
2033,Direct N2O Emissions from Managed Soils,NA,NA,8455.4898000000685,NA
2034,Direct N2O Emissions from Managed Soils,NA,NA,8573.611400000053,NA
2035,Direct N2O Emissions from Managed Soils,NA,NA,8691.733000000066,NA
2036,Direct N2O Emissions from Managed Soils,NA,NA,8809.854600000079,NA
2037,Direct N2O Emissions from Managed Soils,NA,NA,8927.976200000092,NA
2038,Direct N2O Emissions from Managed Soils,NA,NA,9046.097800000105,NA
2039,Direct N2O Emissions from Managed Soils,NA,NA,9164.219400000118,NA
2040,Direct N2O Emissions from Managed Soils,NA,NA,9282.341000000102,NA
2041,Direct N2O Emissions from Managed Soils,NA,NA,9400.462600000115,NA
2042,Direct N2O Emissions from Managed Soils,NA,NA,9518.584200000128,NA
2043,Direct N2O Emissions from Managed Soils,NA,NA,9636.705800000142,NA
2044,Direct N2O Emissions from Managed Soils,NA,NA,9754.827400000155,NA
2045,Direct N2O Emissions from Managed Soils,NA,NA,9872.949000000168,NA
2046,Direct N2O Emissions from Managed Soils,NA,NA,9991.070600000152,NA
2047,Direct N2O Emissions from Managed Soils,NA,NA,10109.192200000165,NA
2048,Direct N2O Emissions from Managed Soils,NA,NA,10227.313800000178,NA
2049,Direct N2O Emissions from Managed Soils,NA,NA,10345.435400000191,NA
2050,Direct N2O Emissions from Managed Soils,NA,NA,10463.557000000204,NA
2010,Direct N2O Emissions from Manure Management,NA,NA,420,NA
2015,Direct N2O Emissions from Manure Management,NA,NA,1212.954,NA
2020,Direct N2O Emissions from Manure Management,NA,NA,1220.157,NA
2021,Direct N2O Emissions from Manure Management,NA,NA,1431.1311999999743,NA
2022,Direct N2O Emissions from Manure Management,NA,NA,1511.1468999999925,NA
2023,Direct N2O Emissions from Manure Management,NA,NA,1591.1625999999815,NA
2024,Direct N2O Emissions from Manure Management,NA,NA,1671.1782999999996,NA
2025,Direct N2O Emissions from Manure Management,NA,NA,1751.1939999999886,NA
2026,Direct N2O Emissions from Manure Management,NA,NA,1831.2097000000067,NA
2027,Direct N2O Emissions from Manure Management,NA,NA,1911.2253999999957,NA
2028,Direct N2O Emissions from Manure Management,NA,NA,1991.2411000000138,NA
2029,Direct N2O Emissions from Manure Management,NA,NA,2071.256800000003,NA
2030,Direct N2O Emissions from Manure Management,NA,NA,2151.272500000021,NA
2031,Direct N2O Emissions from Manure Management,NA,NA,2231.28820000001,NA
2032,Direct N2O Emissions from Manure Management,NA,NA,2311.303900000028,NA
2033,Direct N2O Emissions from Manure Management,NA,NA,2391.319600000017,NA
2034,Direct N2O Emissions from Manure Management,NA,NA,2471.335300000035,NA
2035,Direct N2O Emissions from Manure Management,NA,NA,2551.351000000024,NA
2036,Direct N2O Emissions from Manure Management,NA,NA,2631.3667000000423,NA
2037,Direct N2O Emissions from Manure Management,NA,NA,2711.3824000000313,NA
2038,Direct N2O Emissions from Manure Management,NA,NA,2791.3981000000495,NA
2039,Direct N2O Emissions from Manure Management,NA,NA,2871.4138000000385,NA
2040,Direct N2O Emissions from Manure Management,NA,NA,2951.4295000000566,NA
2041,Direct N2O Emissions from Manure Management,NA,NA,3031.4452000000456,NA
2042,Direct N2O Emissions from Manure Management,NA,NA,3111.4609000000637,NA
2043,Direct N2O Emissions from Manure Management,NA,NA,3191.4766000000527,NA
2044,Direct N2O Emissions from Manure Management,NA,NA,3271.492300000071,NA
2045,Direct N2O Emissions from Manure Management,NA,NA,3351.50800000006,NA
2046,Direct N2O Emissions from Manure Management,NA,NA,3431.523700000078,NA
2047,Direct N2O Emissions from Manure Management,NA,NA,3511.539400000067,NA
2048,Direct N2O Emissions from Manure Management,NA,NA,3591.555100000085,NA
2049,Direct N2O Emissions from Manure Management,NA,NA,3671.570800000103,NA
2050,Direct N2O Emissions from Manure Management,NA,NA,3751.586500000092,NA
2010,Domestic Aviation,706,0,6,NA
2015,Domestic Aviation,1335.1,0.261,9.899,NA
2020,Domestic Aviation,654.594,0.128,4.854,NA
2021,Domestic Aviation,867.7210666666488,0.2064666666666568,6.230066666666545,NA
2022,Domestic Aviation,862.5804666666445,0.21926666666665895,6.115466666666492,NA
2023,Domestic Aviation,857.439866666642,0.23206666666665754,6.000866666666468,NA
2024,Domestic Aviation,852.2992666666378,0.24486666666665968,5.886266666666444,NA
2025,Domestic Aviation,847.1586666666335,0.2576666666666583,5.77166666666642,NA
2026,Domestic Aviation,842.0180666666311,0.27046666666665686,5.657066666666367,NA
2027,Domestic Aviation,836.8774666666268,0.283266666666659,5.542466666666343,NA
2028,Domestic Aviation,831.7368666666225,0.2960666666666576,5.4278666666663185,NA
2029,Domestic Aviation,826.5962666666201,0.30886666666665974,5.313266666666294,NA
2030,Domestic Aviation,821.4556666666158,0.32166666666665833,5.1986666666662416,NA
2031,Domestic Aviation,816.3150666666115,0.3344666666666569,5.084066666666217,NA
2032,Domestic Aviation,811.1744666666091,0.34726666666665906,4.969466666666193,NA
2033,Domestic Aviation,806.0338666666048,0.36006666666665765,4.854866666666169,NA
2034,Domestic Aviation,800.8932666666005,0.3728666666666598,4.740266666666116,NA
2035,Domestic Aviation,795.7526666665981,0.3856666666666584,4.625666666666092,NA
2036,Domestic Aviation,790.6120666665938,0.398466666666657,4.511066666666068,NA
2037,Domestic Aviation,785.4714666665895,0.4112666666666591,4.3964666666660435,NA
2038,Domestic Aviation,780.3308666665871,0.4240666666666577,4.281866666665991,NA
2039,Domestic Aviation,775.1902666665828,0.4368666666666563,4.167266666665967,NA
2040,Domestic Aviation,770.0496666665786,0.44966666666665844,4.052666666665942,NA
2041,Domestic Aviation,764.9090666665761,0.46246666666665703,3.938066666665918,NA
2042,Domestic Aviation,759.7684666665718,0.4752666666666592,3.8234666666658654,NA
2043,Domestic Aviation,754.6278666665676,0.48806666666665777,3.708866666665841,NA
2044,Domestic Aviation,749.4872666665651,0.5008666666666564,3.594266666665817,NA
2045,Domestic Aviation,744.34666666656085,0.5136666666666585,3.4796666666657927,NA
2046,Domestic Aviation,739.2060666665566,0.5264666666666571,3.36506666666574,NA
2047,Domestic Aviation,734.0654666665541,0.5392666666666592,3.250466666665716,NA
2048,Domestic Aviation,728.9248666665499,0.5520666666666578,3.1358666666656916,NA
2049,Domestic Aviation,723.7842666665456,0.5648666666666564,3.0212666666656673,NA
2050,Domestic Aviation,718.6436666665431,0.5776666666666586,2.906666666665643,NA
2010,Energy Industries,32803,49,168,NA
2015,Energy Industries,51415.027,22.852,172.253,NA
2020,Energy Industries,74183.342,40.285,288.636,NA
2021,Energy Industries,77628.66153333243,32.150000000001,282.01126666666823,NA
2022,Energy Industries,81766.695733333,31.27850000000103,294.07486666666955,NA
2023,Energy Industries,85904.72993333358,30.407000000001062,306.13846666667087,NA
2024,Energy Industries,90042.76413333416,29.535500000001093,318.2020666666722,NA
2025,Energy Industries,94180.7983333338,28.664000000001124,330.2656666666735,NA
2026,Energy Industries,98318.83253333438,27.792500000001155,342.3292666666748,NA
2027,Energy Industries,102456.86673333496,26.921000000001186,354.3928666666761,NA
2028,Energy Industries,106594.90093333554,26.049500000001217,366.45646666667744,NA
2029,Energy Industries,110732.93513333518,25.178000000001248,378.52006666667876,NA
2030,Energy Industries,114870.96933333483,24.30650000000128,390.5836666666801,NA
2031,Energy Industries,119009.00353333633,23.43500000000131,402.6472666666814,NA
2032,Energy Industries,123147.03773333598,22.56350000000134,414.7108666666827,NA
2033,Energy Industries,127285.07193333749,21.69200000000137,426.774466666684,NA
2034,Energy Industries,131423.10613333713,20.820500000001402,438.8380666666817,NA
2035,Energy Industries,135561.14033333678,19.949000000001433,450.901666666683,NA
2036,Energy Industries,139699.1745333383,19.077500000001464,462.96526666668433,NA
2037,Energy Industries,143837.20873333793,18.206000000001495,475.02886666668564,NA
2038,Energy Industries,147975.24293333758,17.334500000001754,487.09246666668696,NA
2039,Energy Industries,152113.27713333908,16.463000000001784,499.1560666666883,NA
2040,Energy Industries,156251.31133333873,15.591500000001815,511.2196666666896,NA
2041,Energy Industries,160389.34553333838,14.720000000001846,523.2832666666909,NA
2042,Energy Industries,164527.37973333988,13.848500000001877,535.3468666666922,NA
2043,Energy Industries,168665.41393333953,12.977000000001908,547.4104666666935,NA
2044,Energy Industries,172803.44813334104,12.105500000001939,559.4740666666949,NA
2045,Energy Industries,176941.48233334068,11.23400000000197,571.5376666666962,NA
2046,Energy Industries,181079.51653334033,10.362500000002001,583.6012666666975,NA
2047,Energy Industries,185217.55073334184,9.491000000002032,595.6648666666988,NA
2048,Energy Industries,189355.58493334148,8.619500000002063,607.7284666667001,NA
2049,Energy Industries,193493.61913334113,7.748000000002094,619.7920666667014,NA
2050,Energy Industries,197631.65333334263,6.876500000002125,631.8556666667027,NA
2010,Enteric Fermentation,NA,8490,NA,NA
2015,Enteric Fermentation,NA,8222.367,NA,NA
2020,Enteric Fermentation,NA,8327.213,NA,NA
2021,Enteric Fermentation,NA,8248.854466666678,NA,NA
2022,Enteric Fermentation,NA,8232.575766666676,NA,NA
2023,Enteric Fermentation,NA,8216.297066666673,NA,NA
2024,Enteric Fermentation,NA,8200.018366666678,NA,NA
2025,Enteric Fermentation,NA,8183.7396666666755,NA,NA
2026,Enteric Fermentation,NA,8167.460966666673,NA,NA
2027,Enteric Fermentation,NA,8151.18226666667,NA,NA
2028,Enteric Fermentation,NA,8134.903566666675,NA,NA
2029,Enteric Fermentation,NA,8118.6248666666725,NA,NA
2030,Enteric Fermentation,NA,8102.34616666667,NA,NA
2031,Enteric Fermentation,NA,8086.067466666675,NA,NA
2032,Enteric Fermentation,NA,8069.788766666672,NA,NA
2033,Enteric Fermentation,NA,8053.510066666669,NA,NA
2034,Enteric Fermentation,NA,8037.231366666667,NA,NA
2035,Enteric Fermentation,NA,8020.952666666672,NA,NA
2036,Enteric Fermentation,NA,8004.673966666669,NA,NA
2037,Enteric Fermentation,NA,7988.395266666666,NA,NA
2038,Enteric Fermentation,NA,7972.116566666664,NA,NA
2039,Enteric Fermentation,NA,7955.837866666669,NA,NA
2040,Enteric Fermentation,NA,7939.559166666666,NA,NA
2041,Enteric Fermentation,NA,7923.280466666663,NA,NA
2042,Enteric Fermentation,NA,7907.001766666661,NA,NA
2043,Enteric Fermentation,NA,7890.7230666666655,NA,NA
2044,Enteric Fermentation,NA,7874.444366666663,NA,NA
2045,Enteric Fermentation,NA,7858.16566666666,NA,NA
2046,Enteric Fermentation,NA,7841.886966666658,NA,NA
2047,Enteric Fermentation,NA,7825.6082666666625,NA,NA
2048,Enteric Fermentation,NA,7809.32956666666,NA,NA
2049,Enteric Fermentation,NA,7793.050866666657,NA,NA
2050,Enteric Fermentation,NA,7776.772166666662,NA,NA
2010,Fugitive Emissions - Oil and Natural Gas,12,1,0,NA
2015,Fugitive Emissions - Oil and Natural Gas,40.893,0.68,0.097,NA
2020,Fugitive Emissions - Oil and Natural Gas,9.769,0.162,0.023,NA
2021,Fugitive Emissions - Oil and Natural Gas,19.548733333332393,0.11120000000002506,0.05379999999999807,NA
2022,Fugitive Emissions - Oil and Natural Gas,19.325633333332235,0.02740000000000009,0.05609999999999804,NA
2023,Fugitive Emissions - Oil and Natural Gas,19.102533333332076,-0.05639999999999645,0.05839999999999712,NA
2024,Fugitive Emissions - Oil and Natural Gas,18.879433333331917,-0.140199999999993,0.06069999999999709,NA
2025,Fugitive Emissions - Oil and Natural Gas,18.65633333333176,-0.22400000000001796,0.06299999999999706,NA
2026,Fugitive Emissions - Oil and Natural Gas,18.4332333333316,-0.3078000000000145,0.06529999999999703,NA
2027,Fugitive Emissions - Oil and Natural Gas,18.210133333331385,-0.39160000000001105,0.06759999999999611,NA
2028,Fugitive Emissions - Oil and Natural Gas,17.987033333331226,-0.475400000000036,0.06989999999999608,NA
2029,Fugitive Emissions - Oil and Natural Gas,17.763933333331067,-0.5592000000000326,0.07219999999999605,NA
2030,Fugitive Emissions - Oil and Natural Gas,17.54083333333091,-0.6430000000000291,0.07449999999999601,NA
2031,Fugitive Emissions - Oil and Natural Gas,17.31773333333075,-0.7268000000000541,0.0767999999999951,NA
2032,Fugitive Emissions - Oil and Natural Gas,17.09463333333059,-0.8106000000000506,0.07909999999999506,NA
2033,Fugitive Emissions - Oil and Natural Gas,16.871533333330376,-0.8944000000000756,0.08139999999999503,NA
2034,Fugitive Emissions - Oil and Natural Gas,16.648433333330217,-0.9782000000000721,0.083699999999995,NA
2035,Fugitive Emissions - Oil and Natural Gas,16.42533333333006,-1.0620000000000687,0.08599999999999408,NA
2036,Fugitive Emissions - Oil and Natural Gas,16.2022333333299,-1.1458000000000936,0.08829999999999405,NA
2037,Fugitive Emissions - Oil and Natural Gas,15.979133333329742,-1.2296000000000902,0.09059999999999402,NA
2038,Fugitive Emissions - Oil and Natural Gas,15.756033333329583,-1.3134000000000867,0.09289999999999399,NA
2039,Fugitive Emissions - Oil and Natural Gas,15.532933333329368,-1.3972000000001117,0.09519999999999307,NA
2040,Fugitive Emissions - Oil and Natural Gas,15.309833333329209,-1.4810000000001082,0.09749999999999304,NA
2041,Fugitive Emissions - Oil and Natural Gas,15.08673333332905,-1.5648000000001048,0.099799999999993,NA
2042,Fugitive Emissions - Oil and Natural Gas,14.863633333328892,-1.6486000000001297,0.10209999999999297,NA
2043,Fugitive Emissions - Oil and Natural Gas,14.640533333328733,-1.7324000000001263,0.10439999999999205,NA
2044,Fugitive Emissions - Oil and Natural Gas,14.417433333328574,-1.8162000000001512,0.10669999999999202,NA
2045,Fugitive Emissions - Oil and Natural Gas,14.194333333328359,-1.9000000000001478,0.10899999999999199,NA
2046,Fugitive Emissions - Oil and Natural Gas,13.9712333333282,-1.9838000000001443,0.11129999999999196,NA
2047,Fugitive Emissions - Oil and Natural Gas,13.748133333328042,-2.0676000000001693,0.11359999999999104,NA
2048,Fugitive Emissions - Oil and Natural Gas,13.525033333327883,-2.151400000000166,0.11589999999999101,NA
2049,Fugitive Emissions - Oil and Natural Gas,13.301933333327725,-2.2352000000001624,0.11819999999999098,NA
2050,Fugitive Emissions - Oil and Natural Gas,13.078833333327566,-2.3190000000001874,0.12049999999999006,NA
2010,Fugitive Emissions - Solid Fuels,NA,90,NA,NA
2015,Fugitive Emissions - Solid Fuels,NA,371.29,NA,NA
2020,Fugitive Emissions - Solid Fuels,NA,560.204,NA,NA
2021,Fugitive Emissions - Solid Fuels,NA,622.6203999999998,NA,NA
2022,Fugitive Emissions - Solid Fuels,NA,669.6407999999938,NA,NA
2023,Fugitive Emissions - Solid Fuels,NA,716.6612000000023,NA,NA
2024,Fugitive Emissions - Solid Fuels,NA,763.6816000000108,NA,NA
2025,Fugitive Emissions - Solid Fuels,NA,810.7020000000048,NA,NA
2026,Fugitive Emissions - Solid Fuels,NA,857.7224000000133,NA,NA
2027,Fugitive Emissions - Solid Fuels,NA,904.7428000000218,NA,NA
2028,Fugitive Emissions - Solid Fuels,NA,951.7632000000158,NA,NA
2029,Fugitive Emissions - Solid Fuels,NA,998.7836000000243,NA,NA
2030,Fugitive Emissions - Solid Fuels,NA,1045.8040000000183,NA,NA
2031,Fugitive Emissions - Solid Fuels,NA,1092.8244000000268,NA,NA
2032,Fugitive Emissions - Solid Fuels,NA,1139.8448000000353,NA,NA
2033,Fugitive Emissions - Solid Fuels,NA,1186.8652000000293,NA,NA
2034,Fugitive Emissions - Solid Fuels,NA,1233.8856000000378,NA,NA
2035,Fugitive Emissions - Solid Fuels,NA,1280.9060000000463,NA,NA
2036,Fugitive Emissions - Solid Fuels,NA,1327.9264000000403,NA,NA
2037,Fugitive Emissions - Solid Fuels,NA,1374.9468000000488,NA,NA
2038,Fugitive Emissions - Solid Fuels,NA,1421.9672000000573,NA,NA
2039,Fugitive Emissions - Solid Fuels,NA,1468.9876000000513,NA,NA
2040,Fugitive Emissions - Solid Fuels,NA,1516.0080000000598,NA,NA
2041,Fugitive Emissions - Solid Fuels,NA,1563.0284000000684,NA,NA
2042,Fugitive Emissions - Solid Fuels,NA,1610.0488000000623,NA,NA
2043,Fugitive Emissions - Solid Fuels,NA,1657.0692000000709,NA,NA
2044,Fugitive Emissions - Solid Fuels,NA,1704.0896000000648,NA,NA
2045,Fugitive Emissions - Solid Fuels,NA,1751.1100000000733,NA,NA
2046,Fugitive Emissions - Solid Fuels,NA,1798.1304000000819,NA,NA
2047,Fugitive Emissions - Solid Fuels,NA,1845.1508000000758,NA,NA
2048,Fugitive Emissions - Solid Fuels,NA,1892.1712000000844,NA,NA
2049,Fugitive Emissions - Solid Fuels,NA,1939.1916000000929,NA,NA
2050,Fugitive Emissions - Solid Fuels,NA,1986.2120000000868,NA,NA
2010,Incineration and Open Burning of Waste,15,53,11,NA
2015,Incineration and Open Burning of Waste,2.236,9.02,1.537,NA
2020,Incineration and Open Burning of Waste,0.322,1.288,0.265,NA
2021,Incineration and Open Burning of Waste,-2.95413333333272,-9.924533333332874,-2.173666666666122,NA
2022,Incineration and Open Burning of Waste,-4.421933333332618,-15.095733333331737,-3.247166666666544,NA
2023,Incineration and Open Burning of Waste,-5.88973333333297,-20.266933333332418,-4.3206666666665114,NA
2024,Incineration and Open Burning of Waste,-7.357533333332867,-25.4381333333331,-5.394166666666479,NA
2025,Incineration and Open Burning of Waste,-8.82533333333322,-30.60933333333378,-6.467666666666446,NA
2026,Incineration and Open Burning of Waste,-10.293133333333117,-35.78053333333446,-7.541166666666413,NA
2027,Incineration and Open Burning of Waste,-11.760933333333014,-40.95173333333332,-8.614666666666835,NA
2028,Incineration and Open Burning of Waste,-13.228733333333366,-46.122933333334004,-9.688166666666802,NA
2029,Incineration and Open Burning of Waste,-14.696533333333264,-51.294133333334685,-10.76166666666677,NA
2030,Incineration and Open Burning of Waste,-16.164333333333616,-56.465333333335366,-11.835166666666737,NA
2031,Incineration and Open Burning of Waste,-17.632133333333513,-61.63653333333605,-12.908666666666704,NA
2032,Incineration and Open Burning of Waste,-19.09993333333341,-66.80773333333491,-13.982166666667126,NA
2033,Incineration and Open Burning of Waste,-20.567733333333763,-71.97893333333559,-15.055666666667094,NA
2034,Incineration and Open Burning of Waste,-22.03553333333366,-77.15013333333627,-16.12916666666706,NA
2035,Incineration and Open Burning of Waste,-23.503333333334012,-82.32133333333695,-17.202666666667028,NA
2036,Incineration and Open Burning of Waste,-24.97113333333391,-87.49253333333763,-18.27616666666745,NA
2037,Incineration and Open Burning of Waste,-26.438933333333807,-92.6637333333365,-19.349666666667417,NA
2038,Incineration and Open Burning of Waste,-27.90673333333416,-97.83493333333718,-20.423166666667385,NA
2039,Incineration and Open Burning of Waste,-29.374533333334057,-103.00613333333786,-21.496666666667352,NA
2040,Incineration and Open Burning of Waste,-30.84233333333441,-108.17733333333854,-22.57016666666732,NA
2041,Incineration and Open Burning of Waste,-32.310133333334306,-113.3485333333374,-23.64366666666774,NA
2042,Incineration and Open Burning of Waste,-33.77793333333466,-118.51973333333808,-24.71716666666771,NA
2043,Incineration and Open Burning of Waste,-35.245733333334556,-123.69093333333876,-25.790666666667676,NA
2044,Incineration and Open Burning of Waste,-36.71353333333445,-128.86213333333944,-26.864166666667643,NA
2045,Incineration and Open Burning of Waste,-38.181333333334806,-134.03333333334012,-27.93766666666761,NA
2046,Incineration and Open Burning of Waste,-39.6491333333347,-139.204533333339,-29.011166666668032,NA
2047,Incineration and Open Burning of Waste,-41.116933333335055,-144.37573333333967,-30.084666666668,NA
2048,Incineration and Open Burning of Waste,-42.58473333333495,-149.54693333334035,-31.158166666667967,NA
2049,Incineration and Open Burning of Waste,-44.05253333333485,-154.71813333334103,-32.231666666667934,NA
2050,Incineration and Open Burning of Waste,-45.5203333333352,-159.8893333333417,-33.3051666666679,NA
2010,Indirect N2O Emissions from Managed Soils,NA,NA,1311,NA
2015,Indirect N2O Emissions from Managed Soils,NA,NA,2132.749,NA
2020,Indirect N2O Emissions from Managed Soils,NA,NA,2277.2,NA
2021,Indirect N2O Emissions from Managed Soils,NA,NA,2486.7030000000086,NA
2022,Indirect N2O Emissions from Managed Soils,NA,NA,2583.323000000004,NA
2023,Indirect N2O Emissions from Managed Soils,NA,NA,2679.9429999999993,NA
2024,Indirect N2O Emissions from Managed Soils,NA,NA,2776.5630000000237,NA
2025,Indirect N2O Emissions from Managed Soils,NA,NA,2873.183000000019,NA
2026,Indirect N2O Emissions from Managed Soils,NA,NA,2969.8030000000144,NA
2027,Indirect N2O Emissions from Managed Soils,NA,NA,3066.423000000039,NA
2028,Indirect N2O Emissions from Managed Soils,NA,NA,3163.043000000034,NA
2029,Indirect N2O Emissions from Managed Soils,NA,NA,3259.6630000000296,NA
2030,Indirect N2O Emissions from Managed Soils,NA,NA,3356.283000000054,NA
2031,Indirect N2O Emissions from Managed Soils,NA,NA,3452.9030000000494,NA
2032,Indirect N2O Emissions from Managed Soils,NA,NA,3549.5230000000447,NA
2033,Indirect N2O Emissions from Managed Soils,NA,NA,3646.143000000069,NA
2034,Indirect N2O Emissions from Managed Soils,NA,NA,3742.7630000000645,NA
2035,Indirect N2O Emissions from Managed Soils,NA,NA,3839.38300000006,NA
2036,Indirect N2O Emissions from Managed Soils,NA,NA,3936.0030000000843,NA
2037,Indirect N2O Emissions from Managed Soils,NA,NA,4032.6230000000796,NA
2038,Indirect N2O Emissions from Managed Soils,NA,NA,4129.243000000075,NA
2039,Indirect N2O Emissions from Managed Soils,NA,NA,4225.863000000099,NA
2040,Indirect N2O Emissions from Managed Soils,NA,NA,4322.483000000095,NA
2041,Indirect N2O Emissions from Managed Soils,NA,NA,4419.103000000119,NA
2042,Indirect N2O Emissions from Managed Soils,NA,NA,4515.723000000115,NA
2043,Indirect N2O Emissions from Managed Soils,NA,NA,4612.34300000011,NA
2044,Indirect N2O Emissions from Managed Soils,NA,NA,4708.963000000134,NA
2045,Indirect N2O Emissions from Managed Soils,NA,NA,4805.58300000013,NA
2046,Indirect N2O Emissions from Managed Soils,NA,NA,4902.203000000125,NA
2047,Indirect N2O Emissions from Managed Soils,NA,NA,4998.8230000001495,NA
2048,Indirect N2O Emissions from Managed Soils,NA,NA,5095.443000000145,NA
2049,Indirect N2O Emissions from Managed Soils,NA,NA,5192.06300000014,NA
2050,Indirect N2O Emissions from Managed Soils,NA,NA,5288.683000000165,NA
2010,Liming,2,NA,NA,NA
2015,Liming,7.788,NA,NA,NA
2020,Liming,127.82,NA,NA,NA
2021,Liming,121.36133333333419,NA,NA,NA
2022,Liming,133.94333333333634,NA,NA,NA
2023,Liming,146.52533333333486,NA,NA,NA
2024,Liming,159.107333333337,NA,NA,NA
2025,Liming,171.68933333333916,NA,NA,NA
2026,Liming,184.27133333334132,NA,NA,NA
2027,Liming,196.85333333333983,NA,NA,NA
2028,Liming,209.435333333342,NA,NA,NA
2029,Liming,222.01733333334414,NA,NA,NA
2030,Liming,234.5993333333463,NA,NA,NA
2031,Liming,247.1813333333448,NA,NA,NA
2032,Liming,259.76333333334696,NA,NA,NA
2033,Liming,272.3453333333491,NA,NA,NA
2034,Liming,284.92733333335127,NA,NA,NA
2035,Liming,297.5093333333498,NA,NA,NA
2036,Liming,310.09133333335194,NA,NA,NA
2037,Liming,322.6733333333541,NA,NA,NA
2038,Liming,335.25533333335625,NA,NA,NA
2039,Liming,347.83733333335476,NA,NA,NA
2040,Liming,360.4193333333569,NA,NA,NA
2041,Liming,373.00133333335907,NA,NA,NA
2042,Liming,385.5833333333612,NA,NA,NA
2043,Liming,398.16533333335974,NA,NA,NA
2044,Liming,410.7473333333619,NA,NA,NA
2045,Liming,423.32933333336405,NA,NA,NA
2046,Liming,435.9113333333662,NA,NA,NA
2047,Liming,448.4933333333647,NA,NA,NA
2048,Liming,461.07533333336687,NA,NA,NA
2049,Liming,473.657333333369,NA,NA,NA
2050,Liming,486.23933333336754,NA,NA,NA
2010,Manufacturing Industries and Construction,11887,55,95,NA
2015,Manufacturing Industries and Construction,13233.476,112.155,148.358,NA
2020,Manufacturing Industries and Construction,10275.411,354.528,452.766,NA
2021,Manufacturing Industries and Construction,10831.6755999999,353.61113333333924,446.70093333332625,NA
2022,Manufacturing Industries and Construction,10670.516699999862,383.56393333333835,482.47753333332366,NA
2023,Manufacturing Industries and Construction,10509.357799999882,413.51673333334475,518.2541333333356,NA
2024,Manufacturing Industries and Construction,10348.198899999843,443.46953333334386,554.030733333333,NA
2025,Manufacturing Industries and Construction,10187.039999999804,473.42233333335025,589.807333333345,NA
2026,Manufacturing Industries and Construction,10025.881099999766,503.37513333334937,625.5839333333424,NA
2027,Manufacturing Industries and Construction,9864.722199999786,533.3279333333558,661.3605333333398,NA
2028,Manufacturing Industries and Construction,9703.563299999747,563.2807333333549,697.1371333333518,NA
2029,Manufacturing Industries and Construction,9542.404399999708,593.2335333333613,732.9137333333492,NA
2030,Manufacturing Industries and Construction,9381.24549999967,623.1863333333604,768.6903333333612,NA
2031,Manufacturing Industries and Construction,9220.08659999969,653.1391333333668,804.4669333333586,NA
2032,Manufacturing Industries and Construction,9058.927699999651,683.0919333333659,840.2435333333706,NA
2033,Manufacturing Industries and Construction,8897.768799999612,713.0447333333723,876.020133333368,NA
2034,Manufacturing Industries and Construction,8736.609899999574,742.9975333333714,911.7967333333654,NA
2035,Manufacturing Industries and Construction,8575.450999999593,772.9503333333778,947.5733333333774,NA
2036,Manufacturing Industries and Construction,8414.292099999555,802.9031333333769,983.3499333333748,NA
2037,Manufacturing Industries and Construction,8253.133199999516,832.8559333333833,1019.1265333333868,NA
2038,Manufacturing Industries and Construction,8091.974299999478,862.8087333333824,1054.9031333333842,NA
2039,Manufacturing Industries and Construction,7930.8153999994975,892.7615333333888,1090.6797333333816,NA
2040,Manufacturing Industries and Construction,7769.656499999459,922.7143333333879,1126.4563333333936,NA
2041,Manufacturing Industries and Construction,7608.49759999942,952.6671333333943,1162.232933333391,NA
2042,Manufacturing Industries and Construction,7447.338699999382,982.6199333333934,1198.009533333403,NA
2043,Manufacturing Industries and Construction,7286.179799999401,1012.5727333333998,1233.7861333334004,NA
2044,Manufacturing Industries and Construction,7125.020899999363,1042.525533333399,1269.5627333333978,NA
2045,Manufacturing Industries and Construction,6963.861999999324,1072.4783333334053,1305.3393333334097,NA
2046,Manufacturing Industries and Construction,6802.703099999286,1102.4311333334044,1341.1159333334072,NA
2047,Manufacturing Industries and Construction,6641.544199999305,1132.3839333334108,1376.8925333334191,NA
2048,Manufacturing Industries and Construction,6480.385299999267,1162.33673333341,1412.6691333334165,NA
2049,Manufacturing Industries and Construction,6319.226399999228,1192.289533333409,1448.445733333414,NA
2050,Manufacturing Industries and Construction,6158.067499999248,1222.2423333334154,1484.222333333426,NA
2010,Manure Management,NA,2699,1082,NA
2015,Manure Management,NA,2806.568,4419.53,NA
2020,Manure Management,NA,2751.749,4406.452,NA
2021,Manure Management,NA,2784.088399999996,5297.331866666558,NA
2022,Manure Management,NA,2789.3632999999963,5629.777066666633,NA
2023,Manure Management,NA,2794.6381999999967,5962.222266666591,NA
2024,Manure Management,NA,2799.913099999995,6294.667466666666,NA
2025,Manure Management,NA,2805.1879999999956,6627.112666666624,NA
2026,Manure Management,NA,2810.462899999996,6959.557866666699,NA
2027,Manure Management,NA,2815.7377999999944,7292.003066666657,NA
2028,Manure Management,NA,2821.0126999999948,7624.448266666732,NA
2029,Manure Management,NA,2826.287599999995,7956.89346666669,NA
2030,Manure Management,NA,2831.5624999999955,8289.338666666765,NA
2031,Manure Management,NA,2836.837399999994,8621.783866666723,NA
2032,Manure Management,NA,2842.1122999999943,8954.229066666798,NA
2033,Manure Management,NA,2847.3871999999947,9286.674266666756,NA
2034,Manure Management,NA,2852.662099999995,9619.11946666683,NA
2035,Manure Management,NA,2857.9369999999935,9951.564666666789,NA
2036,Manure Management,NA,2863.211899999994,10284.009866666864,NA
2037,Manure Management,NA,2868.486799999994,10616.455066666822,NA
2038,Manure Management,NA,2873.7616999999946,10948.900266666897,NA
2039,Manure Management,NA,2879.036599999993,11281.345466666855,NA
2040,Manure Management,NA,2884.3114999999934,11613.79066666693,NA
2041,Manure Management,NA,2889.586399999994,11946.235866666888,NA
2042,Manure Management,NA,2894.861299999994,12278.681066666963,NA
2043,Manure Management,NA,2900.1361999999926,12611.12626666692,NA
2044,Manure Management,NA,2905.411099999993,12943.571466666996,NA
2045,Manure Management,NA,2910.6859999999933,13276.016666666954,NA
2046,Manure Management,NA,2915.9608999999937,13608.461866667029,NA
2047,Manure Management,NA,2921.235799999992,13940.907066666987,NA
2048,Manure Management,NA,2926.5106999999925,14273.352266667061,NA
2049,Manure Management,NA,2931.785599999993,14605.797466667136,NA
2050,Manure Management,NA,2937.0604999999914,14938.242666667094,NA
2010,Metal Industry,1084,9,NA,NA
2015,Metal Industry,1187.208,7.992,NA,NA
2020,Metal Industry,1280.711,6.79,NA,NA
2021,Metal Industry,1301.9995999999956,6.6013333333334,NA,NA
2022,Metal Industry,1321.6706999999951,6.38033333333334,NA,NA
2023,Metal Industry,1341.341800000002,6.159333333333336,NA,NA
2024,Metal Industry,1361.0129000000015,5.938333333333333,NA,NA
2025,Metal Industry,1380.684000000001,5.717333333333329,NA,NA
2026,Metal Industry,1400.3551000000007,5.4963333333332685,NA,NA
2027,Metal Industry,1420.0262000000075,5.275333333333265,NA,NA
2028,Metal Industry,1439.697300000007,5.054333333333261,NA,NA
2029,Metal Industry,1459.3684000000067,4.8333333333332575,NA,NA
2030,Metal Industry,1479.0395000000062,4.612333333333197,NA,NA
2031,Metal Industry,1498.710600000013,4.391333333333193,NA,NA
2032,Metal Industry,1518.3817000000126,4.17033333333319,NA,NA
2033,Metal Industry,1538.0528000000122,3.949333333333186,NA,NA
2034,Metal Industry,1557.7239000000118,3.7283333333331257,NA,NA
2035,Metal Industry,1577.3950000000186,3.507333333333122,NA,NA
2036,Metal Industry,1597.0661000000182,3.2863333333331184,NA,NA
2037,Metal Industry,1616.7372000000178,3.0653333333331148,NA,NA
2038,Metal Industry,1636.4083000000173,2.8443333333330543,NA,NA
2039,Metal Industry,1656.0794000000242,2.6233333333330506,NA,NA
2040,Metal Industry,1675.7505000000237,2.402333333333047,NA,NA
2041,Metal Industry,1695.4216000000233,2.1813333333330434,NA,NA
2042,Metal Industry,1715.092700000023,1.9603333333329829,NA,NA
2043,Metal Industry,1734.7638000000297,1.7393333333329792,NA,NA
2044,Metal Industry,1754.4349000000293,1.5183333333329756,NA,NA
2045,Metal Industry,1774.1060000000289,1.297333333332972,NA,NA
2046,Metal Industry,1793.7771000000284,1.0763333333329115,NA,NA
2047,Metal Industry,1813.4482000000353,0.8553333333329078,NA,NA
2048,Metal Industry,1833.1193000000349,0.6343333333329042,NA,NA
2049,Metal Industry,1852.7904000000344,0.41333333333290057,NA,NA
2050,Metal Industry,1872.4615000000413,0.19233333333289693,NA,NA
2010,Mineral Industry,6477,NA,NA,NA
2015,Mineral Industry,11192.357,NA,NA,NA
2020,Mineral Industry,11779.664,NA,NA,NA
2021,Mineral Industry,12997.938733333256,NA,NA,NA
2022,Mineral Industry,13528.205133333337,NA,NA,NA
2023,Mineral Industry,14058.471533333184,NA,NA,NA
2024,Mineral Industry,14588.737933333265,NA,NA,NA
2025,Mineral Industry,15119.004333333345,NA,NA,NA
2026,Mineral Industry,15649.270733333426,NA,NA,NA
2027,Mineral Industry,16179.537133333506,NA,NA,NA
2028,Mineral Industry,16709.803533333354,NA,NA,NA
2029,Mineral Industry,17240.069933333434,NA,NA,NA
2030,Mineral Industry,17770.336333333515,NA,NA,NA
2031,Mineral Industry,18300.602733333595,NA,NA,NA
2032,Mineral Industry,18830.869133333443,NA,NA,NA
2033,Mineral Industry,19361.135533333523,NA,NA,NA
2034,Mineral Industry,19891.401933333604,NA,NA,NA
2035,Mineral Industry,20421.668333333684,NA,NA,NA
2036,Mineral Industry,20951.934733333765,NA,NA,NA
2037,Mineral Industry,21482.201133333612,NA,NA,NA
2038,Mineral Industry,22012.467533333693,NA,NA,NA
2039,Mineral Industry,22542.733933333773,NA,NA,NA
2040,Mineral Industry,23073.000333333854,NA,NA,NA
2041,Mineral Industry,23603.266733333934,NA,NA,NA
2042,Mineral Industry,24133.53313333378,NA,NA,NA
2043,Mineral Industry,24663.799533333862,NA,NA,NA
2044,Mineral Industry,25194.065933333943,NA,NA,NA
2045,Mineral Industry,25724.332333334023,NA,NA,NA
2046,Mineral Industry,26254.59873333387,NA,NA,NA
2047,Mineral Industry,26784.86513333395,NA,NA,NA
2048,Mineral Industry,27315.13153333403,NA,NA,NA
2049,Mineral Industry,27845.397933334112,NA,NA,NA
2050,Mineral Industry,28375.664333334193,NA,NA,NA
2010,Non-Energy Products from Fuels and Solvent Use,3,NA,NA,NA
2015,Non-Energy Products from Fuels and Solvent Use,56.423,NA,NA,NA
2020,Non-Energy Products from Fuels and Solvent Use,46.039,NA,NA,NA
2021,Non-Energy Products from Fuels and Solvent Use,60.97739999999794,NA,NA,NA
2022,Non-Energy Products from Fuels and Solvent Use,65.28129999999874,NA,NA,NA
2023,Non-Energy Products from Fuels and Solvent Use,69.58519999999953,NA,NA,NA
2024,Non-Energy Products from Fuels and Solvent Use,73.8890999999985,NA,NA,NA
2025,Non-Energy Products from Fuels and Solvent Use,78.1929999999993,NA,NA,NA
2026,Non-Energy Products from Fuels and Solvent Use,82.4969000000001,NA,NA,NA
2027,Non-Energy Products from Fuels and Solvent Use,86.80079999999907,NA,NA,NA
2028,Non-Energy Products from Fuels and Solvent Use,91.10469999999987,NA,NA,NA
2029,Non-Energy Products from Fuels and Solvent Use,95.40860000000066,NA,NA,NA
2030,Non-Energy Products from Fuels and Solvent Use,99.71249999999964,NA,NA,NA
2031,Non-Energy Products from Fuels and Solvent Use,104.01640000000043,NA,NA,NA
2032,Non-Energy Products from Fuels and Solvent Use,108.32030000000123,NA,NA,NA
2033,Non-Energy Products from Fuels and Solvent Use,112.6242000000002,NA,NA,NA
2034,Non-Energy Products from Fuels and Solvent Use,116.928100000001,NA,NA,NA
2035,Non-Energy Products from Fuels and Solvent Use,121.23200000000179,NA,NA,NA
2036,Non-Energy Products from Fuels and Solvent Use,125.53590000000077,NA,NA,NA
2037,Non-Energy Products from Fuels and Solvent Use,129.83980000000156,NA,NA,NA
2038,Non-Energy Products from Fuels and Solvent Use,134.14370000000054,NA,NA,NA
2039,Non-Energy Products from Fuels and Solvent Use,138.44760000000133,NA,NA,NA
2040,Non-Energy Products from Fuels and Solvent Use,142.75150000000212,NA,NA,NA
2041,Non-Energy Products from Fuels and Solvent Use,147.0554000000011,NA,NA,NA
2042,Non-Energy Products from Fuels and Solvent Use,151.3593000000019,NA,NA,NA
2043,Non-Energy Products from Fuels and Solvent Use,155.6632000000027,NA,NA,NA
2044,Non-Energy Products from Fuels and Solvent Use,159.96710000000166,NA,NA,NA
2045,Non-Energy Products from Fuels and Solvent Use,164.27100000000246,NA,NA,NA
2046,Non-Energy Products from Fuels and Solvent Use,168.57490000000325,NA,NA,NA
2047,Non-Energy Products from Fuels and Solvent Use,172.87880000000223,NA,NA,NA
2048,Non-Energy Products from Fuels and Solvent Use,177.18270000000302,NA,NA,NA
2049,Non-Energy Products from Fuels and Solvent Use,181.48660000000382,NA,NA,NA
2050,Non-Energy Products from Fuels and Solvent Use,185.7905000000028,NA,NA,NA
2010,Other Sectors,5995,1692,257,NA
2015,Other Sectors,7085.061,2047.643,244.417,NA
2020,Other Sectors,11398.112,2045.675,245.472,NA
2021,Other Sectors,11401.258199999807,2140.64433333333,242.04620000000023,NA
2022,Other Sectors,11941.56939999992,2176.0118333333376,240.89340000000038,NA
2023,Other Sectors,12481.880600000033,2211.3793333333306,239.7406000000001,NA
2024,Other Sectors,13022.191800000146,2246.746833333338,238.58780000000024,NA
2025,Other Sectors,13562.503000000026,2282.114333333331,237.43499999999995,NA
2026,Other Sectors,14102.814200000139,2317.4818333333387,236.2822000000001,NA
2027,Other Sectors,14643.125400000252,2352.8493333333463,235.1293999999998,NA
2028,Other Sectors,15183.436600000365,2388.2168333333393,233.97659999999996,NA
2029,Other Sectors,15723.747800000245,2423.584333333347,232.82379999999966,NA
2030,Other Sectors,16264.059000000358,2458.95183333334,231.67099999999982,NA
2031,Other Sectors,16804.37020000047,2494.3193333333475,230.51819999999952,NA
2032,Other Sectors,17344.68140000035,2529.6868333333405,229.36539999999968,NA
2033,Other Sectors,17884.992600000463,2565.054333333348,228.21259999999938,NA
2034,Other Sectors,18425.303800000576,2600.4218333333556,227.05979999999954,NA
2035,Other Sectors,18965.61500000069,2635.7893333333486,225.90699999999924,NA
2036,Other Sectors,19505.92620000057,2671.156833333356,224.7541999999994,NA
2037,Other Sectors,20046.237400000682,2706.524333333349,223.6013999999991,NA
2038,Other Sectors,20586.548600000795,2741.8918333333568,222.44859999999926,NA
2039,Other Sectors,21126.859800000675,2777.2593333333643,221.29579999999896,NA
2040,Other Sectors,21667.171000000788,2812.6268333333574,220.14299999999912,NA
2041,Other Sectors,22207.4822000009,2847.994333333365,218.99019999999882,NA
2042,Other Sectors,22747.793400001014,2883.361833333358,217.83739999999898,NA
2043,Other Sectors,23288.104600000894,2918.7293333333655,216.68459999999868,NA
2044,Other Sectors,23828.415800001007,2954.096833333373,215.53179999999884,NA
2045,Other Sectors,24368.72700000112,2989.464333333366,214.37899999999854,NA
2046,Other Sectors,24909.038200001232,3024.8318333333737,213.2261999999987,NA
2047,Other Sectors,25449.349400001112,3060.1993333333667,212.0733999999984,NA
2048,Other Sectors,25989.660600001225,3095.5668333333742,210.92059999999856,NA
2049,Other Sectors,26529.971800001338,3130.934333333382,209.76779999999872,NA
2050,Other Sectors,27070.283000001218,3166.301833333375,208.61499999999842,NA
2020,Other Transportation,173.863,0.273,17.783,NA
2021,Other Transportation,173.863,0.273,17.783,NA
2022,Other Transportation,173.863,0.273,17.783,NA
2023,Other Transportation,173.863,0.273,17.783,NA
2024,Other Transportation,173.863,0.273,17.783,NA
2025,Other Transportation,173.863,0.273,17.783,NA
2026,Other Transportation,173.863,0.273,17.783,NA
2027,Other Transportation,173.863,0.273,17.783,NA
2028,Other Transportation,173.863,0.273,17.783,NA
2029,Other Transportation,173.863,0.273,17.783,NA
2030,Other Transportation,173.863,0.273,17.783,NA
2031,Other Transportation,173.863,0.273,17.783,NA
2032,Other Transportation,173.863,0.273,17.783,NA
2033,Other Transportation,173.863,0.273,17.783,NA
2034,Other Transportation,173.863,0.273,17.783,NA
2035,Other Transportation,173.863,0.273,17.783,NA
2036,Other Transportation,173.863,0.273,17.783,NA
2037,Other Transportation,173.863,0.273,17.783,NA
2038,Other Transportation,173.863,0.273,17.783,NA
2039,Other Transportation,173.863,0.273,17.783,NA
2040,Other Transportation,173.863,0.273,17.783,NA
2041,Other Transportation,173.863,0.273,17.783,NA
2042,Other Transportation,173.863,0.273,17.783,NA
2043,Other Transportation,173.863,0.273,17.783,NA
2044,Other Transportation,173.863,0.273,17.783,NA
2045,Other Transportation,173.863,0.273,17.783,NA
2046,Other Transportation,173.863,0.273,17.783,NA
2047,Other Transportation,173.863,0.273,17.783,NA
2048,Other Transportation,173.863,0.273,17.783,NA
2049,Other Transportation,173.863,0.273,17.783,NA
2050,Other Transportation,173.863,0.273,17.783,NA
2010,Product Uses as Substitutes for Ozone-Depleting Substances,NA,NA,NA,771
2015,Product Uses as Substitutes for Ozone-Depleting Substances,NA,NA,NA,2234.295
2020,Product Uses as Substitutes for Ozone-Depleting Substances,NA,NA,NA,3078.199
2021,Product Uses as Substitutes for Ozone-Depleting Substances,NA,NA,NA,3412.150733333314
2022,Product Uses as Substitutes for Ozone-Depleting Substances,NA,NA,NA,3642.870633333281
2023,Product Uses as Substitutes for Ozone-Depleting Substances,NA,NA,NA,3873.5905333333067
2024,Product Uses as Substitutes for Ozone-Depleting Substances,NA,NA,NA,4104.310433333332
2025,Product Uses as Substitutes for Ozone-Depleting Substances,NA,NA,NA,4335.030333333358
2026,Product Uses as Substitutes for Ozone-Depleting Substances,NA,NA,NA,4565.750233333383
2027,Product Uses as Substitutes for Ozone-Depleting Substances,NA,NA,NA,4796.470133333409
2028,Product Uses as Substitutes for Ozone-Depleting Substances,NA,NA,NA,5027.190033333376
2029,Product Uses as Substitutes for Ozone-Depleting Substances,NA,NA,NA,5257.909933333402
2030,Product Uses as Substitutes for Ozone-Depleting Substances,NA,NA,NA,5488.629833333427
2031,Product Uses as Substitutes for Ozone-Depleting Substances,NA,NA,NA,5719.349733333453
2032,Product Uses as Substitutes for Ozone-Depleting Substances,NA,NA,NA,5950.069633333478
2033,Product Uses as Substitutes for Ozone-Depleting Substances,NA,NA,NA,6180.789533333504
2034,Product Uses as Substitutes for Ozone-Depleting Substances,NA,NA,NA,6411.509433333471
2035,Product Uses as Substitutes for Ozone-Depleting Substances,NA,NA,NA,6642.2293333334965
2036,Product Uses as Substitutes for Ozone-Depleting Substances,NA,NA,NA,6872.949233333522
2037,Product Uses as Substitutes for Ozone-Depleting Substances,NA,NA,NA,7103.6691333335475
2038,Product Uses as Substitutes for Ozone-Depleting Substances,NA,NA,NA,7334.389033333573
2039,Product Uses as Substitutes for Ozone-Depleting Substances,NA,NA,NA,7565.1089333335985
2040,Product Uses as Substitutes for Ozone-Depleting Substances,NA,NA,NA,7795.828833333566
2041,Product Uses as Substitutes for Ozone-Depleting Substances,NA,NA,NA,8026.548733333591
2042,Product Uses as Substitutes for Ozone-Depleting Substances,NA,NA,NA,8257.268633333617
2043,Product Uses as Substitutes for Ozone-Depleting Substances,NA,NA,NA,8487.988533333642
2044,Product Uses as Substitutes for Ozone-Depleting Substances,NA,NA,NA,8718.708433333668
2045,Product Uses as Substitutes for Ozone-Depleting Substances,NA,NA,NA,8949.428333333693
2046,Product Uses as Substitutes for Ozone-Depleting Substances,NA,NA,NA,9180.14823333366
2047,Product Uses as Substitutes for Ozone-Depleting Substances,NA,NA,NA,9410.868133333686
2048,Product Uses as Substitutes for Ozone-Depleting Substances,NA,NA,NA,9641.588033333712
2049,Product Uses as Substitutes for Ozone-Depleting Substances,NA,NA,NA,9872.307933333737
2050,Product Uses as Substitutes for Ozone-Depleting Substances,NA,NA,NA,10103.027833333763
2015,Railways,5.228,0.008,0.535,NA
2020,Railways,4.591,0.007,0.47,NA
2021,Railways,4.591,0.007,0.47,NA
2022,Railways,4.591,0.007,0.47,NA
2023,Railways,4.591,0.007,0.47,NA
2024,Railways,4.591,0.007,0.47,NA
2025,Railways,4.591,0.007,0.47,NA
2026,Railways,4.591,0.007,0.47,NA
2027,Railways,4.591,0.007,0.47,NA
2028,Railways,4.591,0.007,0.47,NA
2029,Railways,4.591,0.007,0.47,NA
2030,Railways,4.591,0.007,0.47,NA
2031,Railways,4.591,0.007,0.47,NA
2032,Railways,4.591,0.007,0.47,NA
2033,Railways,4.591,0.007,0.47,NA
2034,Railways,4.591,0.007,0.47,NA
2035,Railways,4.591,0.007,0.47,NA
2036,Railways,4.591,0.007,0.47,NA
2037,Railways,4.591,0.007,0.47,NA
2038,Railways,4.591,0.007,0.47,NA
2039,Railways,4.591,0.007,0.47,NA
2040,Railways,4.591,0.007,0.47,NA
2041,Railways,4.591,0.007,0.47,NA
2042,Railways,4.591,0.007,0.47,NA
2043,Railways,4.591,0.007,0.47,NA
2044,Railways,4.591,0.007,0.47,NA
2045,Railways,4.591,0.007,0.47,NA
2046,Railways,4.591,0.007,0.47,NA
2047,Railways,4.591,0.007,0.47,NA
2048,Railways,4.591,0.007,0.47,NA
2049,Railways,4.591,0.007,0.47,NA
2050,Railways,4.591,0.007,0.47,NA
2010,Rice Cultivation,NA,22377,NA,NA
2015,Rice Cultivation,NA,26468.537,NA,NA
2020,Rice Cultivation,NA,26984.898,NA,NA
2021,Rice Cultivation,NA,28041.55046666658,NA,NA
2022,Rice Cultivation,NA,28502.34026666649,NA,NA
2023,Rice Cultivation,NA,28963.13006666652,NA,NA
2024,Rice Cultivation,NA,29423.919866666547,NA,NA
2025,Rice Cultivation,NA,29884.709666666575,NA,NA
2026,Rice Cultivation,NA,30345.499466666603,NA,NA
2027,Rice Cultivation,NA,30806.28926666663,NA,NA
2028,Rice Cultivation,NA,31267.079066666658,NA,NA
2029,Rice Cultivation,NA,31727.868866666686,NA,NA
2030,Rice Cultivation,NA,32188.658666666714,NA,NA
2031,Rice Cultivation,NA,32649.44846666674,NA,NA
2032,Rice Cultivation,NA,33110.23826666677,NA,NA
2033,Rice Cultivation,NA,33571.0280666668,NA,NA
2034,Rice Cultivation,NA,34031.817866666825,NA,NA
2035,Rice Cultivation,NA,34492.60766666685,NA,NA
2036,Rice Cultivation,NA,34953.39746666688,NA,NA
2037,Rice Cultivation,NA,35414.18726666691,NA,NA
2038,Rice Cultivation,NA,35874.977066666936,NA,NA
2039,Rice Cultivation,NA,36335.76686666696,NA,NA
2040,Rice Cultivation,NA,36796.55666666699,NA,NA
2041,Rice Cultivation,NA,37257.34646666702,NA,NA
2042,Rice Cultivation,NA,37718.13626666705,NA,NA
2043,Rice Cultivation,NA,38178.926066667074,NA,NA
2044,Rice Cultivation,NA,38639.7158666671,NA,NA
2045,Rice Cultivation,NA,39100.50566666713,NA,NA
2046,Rice Cultivation,NA,39561.29546666716,NA,NA
2047,Rice Cultivation,NA,40022.085266667185,NA,NA
2048,Rice Cultivation,NA,40482.87506666721,NA,NA
2049,Rice Cultivation,NA,40943.66486666724,NA,NA
2050,Rice Cultivation,NA,41404.45466666727,NA,NA
2010,Road Transport,20816,120,308,NA
2015,Road Transport,26237.223,41.33,444.475,NA
2020,Road Transport,25725.73,38.931,449.947,NA
2021,Road Transport,27205.488999999827,18.11226666667062,485.97553333333053,NA
2022,Road Transport,27696.461999999825,10.005366666668124,500.17023333333054,NA
2023,Road Transport,28187.434999999823,1.8984666666692647,514.3649333333306,NA
2024,Road Transport,28678.40799999982,-6.208433333333232,528.5596333333306,NA
2025,Road Transport,29169.38099999982,-14.315333333332092,542.7543333333342,NA
2026,Road Transport,29660.353999999934,-22.42223333333459,556.9490333333342,NA
2027,Road Transport,30151.326999999932,-30.529133333333448,571.1437333333342,NA
2028,Road Transport,30642.29999999993,-38.63603333333231,585.3384333333343,NA
2029,Road Transport,31133.27299999993,-46.742933333334804,599.5331333333343,NA
2030,Road Transport,31624.245999999926,-54.84983333333366,613.7278333333379,NA
2031,Road Transport,32115.21900000004,-62.95673333333616,627.9225333333379,NA
2032,Road Transport,32606.19200000004,-71.06363333333502,642.1172333333379,NA
2033,Road Transport,33097.16500000004,-79.17053333333752,656.311933333338,NA
2034,Road Transport,33588.138000000035,-87.27743333333638,670.506633333338,NA
2035,Road Transport,34079.11100000003,-95.38433333333523,684.701333333338,NA
2036,Road Transport,34570.08400000015,-103.49123333333773,698.8960333333416,NA
2037,Road Transport,35061.057000000146,-111.59813333333659,713.0907333333416,NA
2038,Road Transport,35552.030000000144,-119.70503333333909,727.2854333333416,NA
2039,Road Transport,36043.00300000014,-127.81193333333795,741.4801333333417,NA
2040,Road Transport,36533.97600000014,-135.91883333334044,755.6748333333417,NA
2041,Road Transport,37024.949000000255,-144.0257333333393,769.8695333333453,NA
2042,Road Transport,37515.92200000025,-152.13263333333816,784.0642333333453,NA
2043,Road Transport,38006.89500000025,-160.23953333334066,798.2589333333453,NA
2044,Road Transport,38497.86800000025,-168.34643333333952,812.4536333333454,NA
2045,Road Transport,38988.84100000025,-176.45333333334202,826.6483333333454,NA
2046,Road Transport,39479.81400000036,-184.56023333334088,840.843033333349,NA
2047,Road Transport,39970.78700000036,-192.66713333334337,855.037733333349,NA
2048,Road Transport,40461.76000000036,-200.77403333334223,869.232433333349,NA
2049,Road Transport,40952.73300000036,-208.8809333333411,883.427133333349,NA
2050,Road Transport,41443.706000000355,-216.9878333333436,897.6218333333491,NA
2010,Solid Waste Disposal,NA,4851,NA,NA
2015,Solid Waste Disposal,NA,9303.506,NA,NA
2020,Solid Waste Disposal,NA,11689.692,NA,NA
2021,Solid Waste Disposal,NA,12717.947866666596,NA,NA
2022,Solid Waste Disposal,NA,13401.81706666667,NA,NA
2023,Solid Waste Disposal,NA,14085.686266666744,NA,NA
2024,Solid Waste Disposal,NA,14769.555466666818,NA,NA
2025,Solid Waste Disposal,NA,15453.424666666891,NA,NA
2026,Solid Waste Disposal,NA,16137.293866666965,NA,NA
2027,Solid Waste Disposal,NA,16821.163066666806,NA,NA
2028,Solid Waste Disposal,NA,17505.03226666688,NA,NA
2029,Solid Waste Disposal,NA,18188.901466666954,NA,NA
2030,Solid Waste Disposal,NA,18872.770666667027,NA,NA
2031,Solid Waste Disposal,NA,19556.6398666671,NA,NA
2032,Solid Waste Disposal,NA,20240.509066667175,NA,NA
2033,Solid Waste Disposal,NA,20924.37826666725,NA,NA
2034,Solid Waste Disposal,NA,21608.247466667322,NA,NA
2035,Solid Waste Disposal,NA,22292.116666667396,NA,NA
2036,Solid Waste Disposal,NA,22975.985866667237,NA,NA
2037,Solid Waste Disposal,NA,23659.85506666731,NA,NA
2038,Solid Waste Disposal,NA,24343.724266667385,NA,NA
2039,Solid Waste Disposal,NA,25027.59346666746,NA,NA
2040,Solid Waste Disposal,NA,25711.462666667532,NA,NA
2041,Solid Waste Disposal,NA,26395.331866667606,NA,NA
2042,Solid Waste Disposal,NA,27079.20106666768,NA,NA
2043,Solid Waste Disposal,NA,27763.070266667753,NA,NA
2044,Solid Waste Disposal,NA,28446.939466667594,NA,NA
2045,Solid Waste Disposal,NA,29130.808666667668,NA,NA
2046,Solid Waste Disposal,NA,29814.677866667742,NA,NA
2047,Solid Waste Disposal,NA,30498.547066667816,NA,NA
2048,Solid Waste Disposal,NA,31182.41626666789,NA,NA
2049,Solid Waste Disposal,NA,31866.285466667963,NA,NA
2050,Solid Waste Disposal,NA,32550.154666668037,NA,NA
2010,Urea Application,694,NA,NA,NA
2015,Urea Application,562.371,NA,NA,NA
2020,Urea Application,637.263,NA,NA,NA
2021,Urea Application,597.1691333333365,NA,NA,NA
2022,Urea Application,591.4954333333371,NA,NA,NA
2023,Urea Application,585.8217333333378,NA,NA,NA
2024,Urea Application,580.1480333333366,NA,NA,NA
2025,Urea Application,574.4743333333372,NA,NA,NA
2026,Urea Application,568.8006333333378,NA,NA,NA
2027,Urea Application,563.1269333333366,NA,NA,NA
2028,Urea Application,557.4532333333373,NA,NA,NA
2029,Urea Application,551.7795333333379,NA,NA,NA
2030,Urea Application,546.1058333333385,NA,NA,NA
2031,Urea Application,540.4321333333373,NA,NA,NA
2032,Urea Application,534.758433333338,NA,NA,NA
2033,Urea Application,529.0847333333386,NA,NA,NA
2034,Urea Application,523.4110333333374,NA,NA,NA
2035,Urea Application,517.737333333338,NA,NA,NA
2036,Urea Application,512.0636333333387,NA,NA,NA
2037,Urea Application,506.38993333333747,NA,NA,NA
2038,Urea Application,500.7162333333381,NA,NA,NA
2039,Urea Application,495.0425333333387,NA,NA,NA
2040,Urea Application,489.36883333333753,NA,NA,NA
2041,Urea Application,483.69513333333816,NA,NA,NA
2042,Urea Application,478.0214333333388,NA,NA,NA
2043,Urea Application,472.3477333333394,NA,NA,NA
2044,Urea Application,466.67403333333823,NA,NA,NA
2045,Urea Application,461.00033333333886,NA,NA,NA
2046,Urea Application,455.3266333333395,NA,NA,NA
2047,Urea Application,449.6529333333383,NA,NA,NA
2048,Urea Application,443.9792333333389,NA,NA,NA
2049,Urea Application,438.30553333333955,NA,NA,NA
2050,Urea Application,432.63183333333836,NA,NA,NA
2010,Wastewater Treatment and Discharge,NA,9588,974,NA
2015,Wastewater Treatment and Discharge,NA,12722.25,1025.952,NA
2020,Wastewater Treatment and Discharge,NA,16563.68,1253.185,NA
2021,Wastewater Treatment and Discharge,NA,17143.38466666662,1251.8899999999994,NA
2022,Wastewater Treatment and Discharge,NA,17840.952666666824,1279.8084999999992,NA
2023,Wastewater Treatment and Discharge,NA,18538.520666666795,1307.7270000000062,NA
2024,Wastewater Treatment and Discharge,NA,19236.088666666765,1335.645500000006,NA
2025,Wastewater Treatment and Discharge,NA,19933.656666666968,1363.5640000000058,NA
2026,Wastewater Treatment and Discharge,NA,20631.224666666938,1391.4825000000128,NA
2027,Wastewater Treatment and Discharge,NA,21328.79266666691,1419.4010000000126,NA
2028,Wastewater Treatment and Discharge,NA,22026.36066666711,1447.3195000000123,NA
2029,Wastewater Treatment and Discharge,NA,22723.92866666708,1475.2380000000194,NA
2030,Wastewater Treatment and Discharge,NA,23421.496666667284,1503.1565000000192,NA
2031,Wastewater Treatment and Discharge,NA,24119.064666667255,1531.0750000000262,NA
2032,Wastewater Treatment and Discharge,NA,24816.632666667225,1558.993500000026,NA
2033,Wastewater Treatment and Discharge,NA,25514.200666667428,1586.9120000000257,NA
2034,Wastewater Treatment and Discharge,NA,26211.768666667398,1614.8305000000328,NA
2035,Wastewater Treatment and Discharge,NA,26909.33666666737,1642.7490000000325,NA
2036,Wastewater Treatment and Discharge,NA,27606.90466666757,1670.6675000000323,NA
2037,Wastewater Treatment and Discharge,NA,28304.47266666754,1698.5860000000393,NA
2038,Wastewater Treatment and Discharge,NA,29002.04066666751,1726.5045000000391,NA
2039,Wastewater Treatment and Discharge,NA,29699.608666667715,1754.4230000000462,NA
2040,Wastewater Treatment and Discharge,NA,30397.176666667685,1782.341500000046,NA
2041,Wastewater Treatment and Discharge,NA,31094.744666667655,1810.2600000000457,NA
2042,Wastewater Treatment and Discharge,NA,31792.312666667858,1838.1785000000527,NA
2043,Wastewater Treatment and Discharge,NA,32489.88066666783,1866.0970000000525,NA
2044,Wastewater Treatment and Discharge,NA,33187.44866666803,1894.0155000000523,NA
2045,Wastewater Treatment and Discharge,NA,33885.016666668,1921.9340000000593,NA
2046,Wastewater Treatment and Discharge,NA,34582.58466666797,1949.852500000059,NA
2047,Wastewater Treatment and Discharge,NA,35280.152666668175,1977.7710000000661,NA
2048,Wastewater Treatment and Discharge,NA,35977.720666668145,2005.689500000066,NA
2049,Wastewater Treatment and Discharge,NA,36675.288666668115,2033.6080000000657,NA
2050,Wastewater Treatment and Discharge,NA,37372.85666666832,2061.5265000000727,NA
2010,Water-borne Navigation,2196,5,17,NA
2015,Water-borne Navigation,3144.114,8.334,22.535,NA
2020,Water-borne Navigation,2337.051,6.205,16.78,NA
2021,Water-borne Navigation,2643.6855999999752,7.235999999999905,18.639666666666507,NA
2022,Water-borne Navigation,2657.7906999999723,7.3564999999998975,18.617666666666473,NA
2023,Water-borne Navigation,2671.8957999999657,7.47699999999989,18.59566666666644,NA
2024,Water-borne Navigation,2686.0008999999627,7.597499999999883,18.573666666666412,NA
2025,Water-borne Navigation,2700.1059999999597,7.717999999999876,18.551666666666378,NA
2026,Water-borne Navigation,2714.211099999957,7.838499999999868,18.52966666666635,NA
2027,Water-borne Navigation,2728.316199999954,7.958999999999861,18.507666666666317,NA
2028,Water-borne Navigation,2742.421299999951,8.079499999999854,18.48566666666629,NA
2029,Water-borne Navigation,2756.526399999948,8.199999999999847,18.463666666666256,NA
2030,Water-borne Navigation,2770.6314999999413,8.32049999999984,18.44166666666623,NA
2031,Water-borne Navigation,2784.7365999999383,8.44099999999986,18.419666666666195,NA
2032,Water-borne Navigation,2798.8416999999354,8.561499999999853,18.39766666666617,NA
2033,Water-borne Navigation,2812.9467999999324,8.681999999999846,18.375666666666135,NA
2034,Water-borne Navigation,2827.0518999999294,8.802499999999839,18.353666666666108,NA
2035,Water-borne Navigation,2841.1569999999265,8.922999999999831,18.331666666666074,NA
2036,Water-borne Navigation,2855.2620999999235,9.043499999999824,18.30966666666604,NA
2037,Water-borne Navigation,2869.3671999999206,9.163999999999817,18.287666666666013,NA
2038,Water-borne Navigation,2883.472299999914,9.28449999999981,18.26566666666598,NA
2039,Water-borne Navigation,2897.577399999911,9.404999999999802,18.243666666665952,NA
2040,Water-borne Navigation,2911.682499999908,9.525499999999795,18.221666666665918,NA
2041,Water-borne Navigation,2925.787599999905,9.645999999999788,18.19966666666589,NA
2042,Water-borne Navigation,2939.892699999902,9.76649999999978,18.177666666665857,NA
2043,Water-borne Navigation,2953.997799999899,9.886999999999802,18.15566666666583,NA
2044,Water-borne Navigation,2968.102899999896,10.007499999999794,18.133666666665796,NA
2045,Water-borne Navigation,2982.2079999998896,10.127999999999787,18.11166666666577,NA
2046,Water-borne Navigation,2996.3130999998866,10.24849999999978,18.089666666665735,NA
2047,Water-borne Navigation,3010.4181999998837,10.368999999999772,18.06766666666571,NA
2048,Water-borne Navigation,3024.5232999998807,10.489499999999765,18.045666666665674,NA
2049,Water-borne Navigation,3038.6283999998777,10.609999999999758,18.02366666666564,NA
2050,Water-borne Navigation,3052.7334999998748,10.73049999999975,18.001666666665614,NA
